{"cameraMode":{"drawMode":0,"name":"Shaded","section":"Shading Mode"},"sceneLighting":true,"audioPlay":false,"sceneViewState":{"m_AlwaysRefresh":false,"showFog":true,"showSkybox":true,"showFlares":true,"showImageEffects":true,"showParticleSystems":true,"showVisualEffectGraphs":true,"m_FxEnabled":true},"in2DMode":false,"pivot":{"x":-5.465438365936279,"y":7.6887922286987309,"z":4.613406181335449},"rotation":{"x":-0.024642109870910646,"y":0.9745040535926819,"z":-0.1356494128704071,"w":-0.17702734470367433},"size":0.8225268125534058,"orthographic":false}